{
    "bluebox": true,
    "greenbox": true,
    "blueCoord": [
        129.6248779296875,
        75.7293701171875,
        167.89666748046875,
        126.10261535644531
    ],
    "greenCoord": [
        88.92440795898438,
        137.77699279785156,
        131.3042449951172,
        194.66476440429688
    ]
}